Create database Order_directory;

Create table if not exists supplier(
SUPP_ID INT PRIMARY KEY,
SUPP_NAME VARCHAR(50) NOT NULL,
SUPP_CITY VARCHAR(50) NOT NULL,
SUPP_PHONE VARCHAR(50) NOT NULL
);

Create table if not exists CUSTOMER(
CUS_ID INT PRIMARY KEY,
CUS_NAME VARCHAR(50) NOT NULL,
CUS_PHONE VARCHAR(10) NOT NULL,
CUS_CITY VARCHAR(30) NOT NULL,
CUS_GENDER char
);

Create table if not exists CATEGORY(
CAT_ID INT PRIMARY KEY,
CAT_NAME VARCHAR(20) NOT NULL
);

Create table if not exists PRODUCT(
PRO_ID INT,
PRO_NAME VARCHAR(20) NOT NULL DEFAULT "Dummy",
PRO_DESC VARCHAR(60) ,
CAT_ID int NOT NULL,
PRIMARY KEY (PRO_ID),
FOREIGN KEY (CAT_ID) references CATEGORY (CAT_ID)
);

Create table if not exists SUPPLIER_PRCING(
PRICING_ID INT,
PRO_ID INT,
SUPP_ID INT ,
SUPP_PRICE INT DEFAULT 0,
PRIMARY KEY (PRICING_ID),
FOREIGN KEY (PRO_ID) references PRODUCT (PRO_ID),
FOREIGN KEY (SUPP_ID) references SUPPLIER (SUPP_ID)
);

Create table if not exists ORDERS (
ORD_ID INT,
ORD_AMOUNT INT NOT NULL,
ORD_DATE DATE NOT NULL ,
CUS_ID INT,
PRICING_ID INT,
PRIMARY KEY (ORD_ID),
FOREIGN KEY (CUS_ID) references CUSTOMER (CUS_ID),
FOREIGN KEY (PRICING_ID) references SUPPLIER_PRCING (PRICING_ID)
);

Create table if not exists RATING (
RAT_ID INT,
ORD_ID INT,
RAT_RATSTARS INT NOT  NULL,
PRIMARY KEY (RAT_ID),
FOREIGN KEY (ORD_ID) references ORDERS (ORD_ID)
);

INSERT INTO supplier VALUES(1,"Rajesh Retails","Delhi",	"1234567890");
INSERT INTO supplier VALUES(2,"Appario Ltd.","Mumbai",	"2589631470");
INSERT INTO supplier VALUES(3,"Knome products","Bangalore",	"9785462315");
INSERT INTO supplier VALUES(4,"Bansal Retails","Kochi",	"8975463285");
INSERT INTO supplier VALUES(5,"Mittal Ltd.","Lucknow","7898456532");


INSERT INTO customer VALUES(1,"AAKASH","9999999999","DELHI","M");
INSERT INTO customer VALUES(2,"AMAN","9785463215","NOIDA","M");
INSERT INTO customer VALUES(3,"NEHA","9999999999","MUMBAI","F");
INSERT INTO customer VALUES(4,"MEGHA","9994562399","KOLKATA","F");
INSERT INTO customer VALUES(5,"PULKIT","7895999999","LUCKNOW","M");

INSERT INTO category VALUES(1,"BOOKS");
INSERT INTO category VALUES(2,"GAMES");
INSERT INTO category VALUES(3,"GROCERIES");
INSERT INTO category VALUES(4,"ELECTRONICS");
INSERT INTO category VALUES(5,"CLOTHES");

INSERT INTO product VALUES(1,"GTA V","Windows 7 and above with i5 processor and 8GB RAM",2);
INSERT INTO product VALUES(2,"TSHIRT","SIZE-L with Black, Blue and White variations",5);
INSERT INTO product VALUES(3,"ROG LAPTOP","Windows 10 with 15inch screen, i7 processor, 1TB SSD",4);
INSERT INTO product VALUES(4,"OATS","Highly Nutritious from Nestle",3);
INSERT INTO product VALUES(5,"HARRY POTTER","Best Collection of all time by J.K Rowling",1);
INSERT INTO product VALUES(6,"MILK","1L Toned MIlk	",3);
INSERT INTO product VALUES(7,"Boat Earphones","1.5Meter long Dolby Atmos",4);
INSERT INTO product VALUES(8,"Jeans","Stretchable Denim Jeans with various sizes and color",5);
INSERT INTO product VALUES(9,"Project IGI","compatible with windows 7 and above",2);
INSERT INTO product VALUES(10,"Hoodie","compatible with windows 7 and above",5);
INSERT INTO product VALUES(11,"Rich Dad Poor Dad","Written by RObert Kiyosaki",1);
INSERT INTO product VALUES(12,"Train Your Brain","By Shireen Stephen",1);

INSERT INTO supplier_prcing VALUES(1,1,2,1500);
INSERT INTO supplier_prcing VALUES(2,3,5,30000);
INSERT INTO supplier_prcing VALUES(3,5,1,3000);
INSERT INTO supplier_prcing VALUES(4,2,3,2500);
INSERT INTO supplier_prcing VALUES(5,4,2,1000);
INSERT INTO supplier_prcing VALUES(6,12,4,1500);
INSERT INTO supplier_prcing VALUES(7,12,1,30000);
INSERT INTO supplier_prcing VALUES(8,3,5,3000);
INSERT INTO supplier_prcing VALUES(9,1,3,2500);
INSERT INTO supplier_prcing VALUES(10,7,1,1000);
INSERT INTO supplier_prcing VALUES(11,7,2,1500);
INSERT INTO supplier_prcing VALUES(12,4,5,30000);
INSERT INTO supplier_prcing VALUES(13,6,1,3000);
INSERT INTO supplier_prcing VALUES(14,6,3,2500);
INSERT INTO supplier_prcing VALUES(15,5,1,1000);

INSERT INTO ORDERS VALUES(101,1500,'2021-10-06',2,1);
INSERT INTO ORDERS VALUES(102,1000,'2021-10-12',3,5);
INSERT INTO ORDERS VALUES(103,30000,'2021-09-16',5,2);
INSERT INTO ORDERS VALUES(104,1500,'2021-10-05',1,1);
INSERT INTO ORDERS VALUES(105,3000,'2021-08-16',4,3);
INSERT INTO ORDERS VALUES(106,1450,'2021-08-18',1,9);
INSERT INTO ORDERS VALUES(107,789,'2021-09-01',3,7);
INSERT INTO ORDERS VALUES(108,780,'2021-09-07',5,6);
INSERT INTO ORDERS VALUES(109,3000,'2021-09-07',5,3);
INSERT INTO ORDERS VALUES(110,2500,'2021-09-10',2,4);
INSERT INTO ORDERS VALUES(111,1000,'2021-09-15',4,5);
INSERT INTO ORDERS VALUES(112,789,'2021-09-16',4,7);
INSERT INTO ORDERS VALUES(113,31000,'2021-09-16',1,8);
INSERT INTO ORDERS VALUES(114,1000,'2021-09-16',3,5);
INSERT INTO ORDERS VALUES(115,3000,'2021-09-16',5,3);
INSERT INTO ORDERS VALUES(116,99,'2021-09-17',2,14);

INSERT INTO rating VALUES(1,101,4);
INSERT INTO rating VALUES(2,102,3);
INSERT INTO rating VALUES(3,103,1);
INSERT INTO rating VALUES(4,104,2);
INSERT INTO rating VALUES(5,105,4);
INSERT INTO rating VALUES(6,106,3);
INSERT INTO rating VALUES(7,107,4);
INSERT INTO rating VALUES(8,108,4);
INSERT INTO rating VALUES(9,109,3);
INSERT INTO rating VALUES(10,110,5);
INSERT INTO rating VALUES(11,111,3);
INSERT INTO rating VALUES(12,112,4);
INSERT INTO rating VALUES(13,113,2);
INSERT INTO rating VALUES(14,114,2);
INSERT INTO rating VALUES(15,115,1);
INSERT INTO rating VALUES(16,116,0);

select o.CUS_ID,c.CUS_NAME,c.CUS_GENDER from customer as c INNER JOIN orders as o  ON c.CUS_ID=o.CUS_ID where o.ORD_AMOUNT>=3000;

SELECT O.*,p.PRO_NAME FROM ORDERS AS O JOIN CUSTOMER AS C   on O.cus_id=c.cus_id join supplier_prcing as s on o.PRICING_ID=s.PRICING_ID join  product as p on s.PRO_ID=p.PRO_ID   where c.cus_id=2;








